"Girokonto";"DE1234567890123456789"
""
"Kontostand vom 14.03.2024:";"8.194,67 €"
""
"Buchungsdatum";"Wertstellung";"Status";"Zahlungspflichtige*r";"Zahlungsempfänger*in";"Verwendungszweck";"Umsatztyp";"IBAN";"Betrag (€)";"Gläubiger-ID";"Mandatsreferenz";"Kundenreferenz"
"01.01.24";"01.01.24";"Abgeschlossen";"Max Mustermann";"Gehaltseingang";"Gehalt";"";"DE1234567890123456789";"+2082,33";"";"";""
"02.01.24";"02.01.24";"Abgeschlossen";"Max Mustermann";"Lebensmittel";"Supermarkt";"";"DE2345678901234567890";"-189,76";"";"";""
"05.01.24";"05.01.24";"Abgeschlossen";"Max Mustermann";"Essen gehen";"Restaurant";"";"DE3456789012345678901";"-55,15";"";"";""
"07.01.24";"07.01.24";"Abgeschlossen";"Max Mustermann";"Tanken";"Tankstelle";"";"DE9876543210987654321";"-88,36";"";"";""
"08.01.24";"08.01.24";"Abgeschlossen";"Max Mustermann";"Elektronikartikel";"Elektronik";"";"DE5678901234567890123";"-1516,12";"";"";""
"09.01.24";"09.01.24";"Abgeschlossen";"Max Mustermann";"Tanken";"Tankstelle";"";"DE9876543210987654321";"-77,98";"";"";""
"11.02.24";"11.02.24";"Abgeschlossen";"Max Mustermann";"Gehaltseingang";"Gehalt";"";"DE1234567890123456789";"+3911,13";"";"";""
"12.02.24";"12.02.24";"Abgeschlossen";"Max Mustermann";"Kleidungskauf";"Kleidung";"";"DE6789012345678901234";"-207,26";"";"";""
"14.02.24";"14.02.24";"Abgeschlossen";"Max Mustermann";"Tanken";"Tankstelle";"";"DE9876543210987654321";"-52,87";"";"";""
"15.02.24";"15.02.24";"Abgeschlossen";"Max Mustermann";"Kleidungskauf";"Kleidung";"";"DE6789012345678901234";"-274,51";"";"";""
"18.02.24";"18.02.24";"Abgeschlossen";"Max Mustermann";"Lebensmittel";"Supermarkt";"";"DE2345678901234567890";"-88,83";"";"";""
"20.02.24";"20.02.24";"Abgeschlossen";"Max Mustermann";"Kleidungskauf";"Kleidung";"";"DE6789012345678901234";"-94,67";"";"";""
"22.03.24";"22.03.24";"Abgeschlossen";"Max Mustermann";"Gehaltseingang";"Gehalt";"";"DE1234567890123456789";"+2764,54";"";"";""
"23.03.24";"23.03.24";"Abgeschlossen";"Max Mustermann";"Lebensmittel";"Supermarkt";"";"DE2345678901234567890";"-98,29";"";"";""
"26.03.24";"26.03.24";"Abgeschlossen";"Max Mustermann";"Essen gehen";"Restaurant";"";"DE3456789012345678901";"-79,03";"";"";""
"29.03.24";"29.03.24";"Abgeschlossen";"Max Mustermann";"Lebensmittel";"Supermarkt";"";"DE2345678901234567890";"-61,86";"";"";""
"01.04.24";"01.04.24";"Abgeschlossen";"Max Mustermann";"Tanken";"Tankstelle";"";"DE9876543210987654321";"-98,02";"";"";""
"02.04.24";"02.04.24";"Abgeschlossen";"Max Mustermann";"Lebensmittel";"Supermarkt";"";"DE2345678901234567890";"-53,08";"";"";""
"04.05.24";"04.05.24";"Abgeschlossen";"Max Mustermann";"Gehaltseingang";"Gehalt";"";"DE1234567890123456789";"+2650,34";"";"";""
"07.05.24";"07.05.24";"Abgeschlossen";"Max Mustermann";"Kinoabend";"Kino";"";"DE4567890123456789012";"-45,20";"";"";""
"09.05.24";"09.05.24";"Abgeschlossen";"Max Mustermann";"Tanken";"Tankstelle";"";"DE9876543210987654321";"-79,94";"";"";""
"11.05.24";"11.05.24";"Abgeschlossen";"Max Mustermann";"Elektronikartikel";"Elektronik";"";"DE5678901234567890123";"-834,55";"";"";""
"12.05.24";"12.05.24";"Abgeschlossen";"Max Mustermann";"Tanken";"Tankstelle";"";"DE9876543210987654321";"-126,10";"";"";""
"13.05.24";"13.05.24";"Abgeschlossen";"Max Mustermann";"Lebensmittel";"Supermarkt";"";"DE2345678901234567890";"-184,02";"";"";""
"14.06.24";"14.06.24";"Abgeschlossen";"Max Mustermann";"Gehaltseingang";"Gehalt";"";"DE1234567890123456789";"+4229,47";"";"";""
"16.06.24";"16.06.24";"Abgeschlossen";"Max Mustermann";"Essen gehen";"Restaurant";"";"DE3456789012345678901";"-22,84";"";"";""
"17.06.24";"17.06.24";"Abgeschlossen";"Max Mustermann";"Tanken";"Tankstelle";"";"DE9876543210987654321";"-99,16";"";"";""
"18.06.24";"18.06.24";"Abgeschlossen";"Max Mustermann";"Elektronikartikel";"Elektronik";"";"DE5678901234567890123";"-1832,59";"";"";""
"20.06.24";"20.06.24";"Abgeschlossen";"Max Mustermann";"Tanken";"Tankstelle";"";"DE9876543210987654321";"-89,10";"";"";""
"23.06.24";"23.06.24";"Abgeschlossen";"Max Mustermann";"Lebensmittel";"Supermarkt";"";"DE2345678901234567890";"-118,66";"";"";""
"24.07.24";"24.07.24";"Abgeschlossen";"Max Mustermann";"Gehaltseingang";"Gehalt";"";"DE1234567890123456789";"+3547,60";"";"";""
"26.07.24";"26.07.24";"Abgeschlossen";"Max Mustermann";"Kleidungskauf";"Kleidung";"";"DE6789012345678901234";"-136,36";"";"";""
"29.07.24";"29.07.24";"Abgeschlossen";"Max Mustermann";"Lebensmittel";"Supermarkt";"";"DE2345678901234567890";"-118,18";"";"";""
"30.07.24";"30.07.24";"Abgeschlossen";"Max Mustermann";"Tanken";"Tankstelle";"";"DE9876543210987654321";"-78,36";"";"";""
"01.08.24";"01.08.24";"Abgeschlossen";"Max Mustermann";"Lebensmittel";"Supermarkt";"";"DE2345678901234567890";"-74,21";"";"";""
"04.08.24";"04.08.24";"Abgeschlossen";"Max Mustermann";"Tanken";"Tankstelle";"";"DE9876543210987654321";"-113,22";"";"";""
"07.09.24";"07.09.24";"Abgeschlossen";"Max Mustermann";"Gehaltseingang";"Gehalt";"";"DE1234567890123456789";"+2296,46";"";"";""
"08.09.24";"08.09.24";"Abgeschlossen";"Max Mustermann";"Tanken";"Tankstelle";"";"DE9876543210987654321";"-139,43";"";"";""
"11.09.24";"11.09.24";"Abgeschlossen";"Max Mustermann";"Lebensmittel";"Supermarkt";"";"DE2345678901234567890";"-120,06";"";"";""
"13.09.24";"13.09.24";"Abgeschlossen";"Max Mustermann";"Kleidungskauf";"Kleidung";"";"DE6789012345678901234";"-64,65";"";"";""
"16.09.24";"16.09.24";"Abgeschlossen";"Max Mustermann";"Essen gehen";"Restaurant";"";"DE3456789012345678901";"-87,63";"";"";""
"18.09.24";"18.09.24";"Abgeschlossen";"Max Mustermann";"Essen gehen";"Restaurant";"";"DE3456789012345678901";"-70,59";"";"";""
"20.10.24";"20.10.24";"Abgeschlossen";"Max Mustermann";"Gehaltseingang";"Gehalt";"";"DE1234567890123456789";"+2744,71";"";"";""
"23.10.24";"23.10.24";"Abgeschlossen";"Max Mustermann";"Lebensmittel";"Supermarkt";"";"DE2345678901234567890";"-142,36";"";"";""
"26.10.24";"26.10.24";"Abgeschlossen";"Max Mustermann";"Essen gehen";"Restaurant";"";"DE3456789012345678901";"-50,28";"";"";""
"29.10.24";"29.10.24";"Abgeschlossen";"Max Mustermann";"Lebensmittel";"Supermarkt";"";"DE2345678901234567890";"-112,11";"";"";""
"31.10.24";"31.10.24";"Abgeschlossen";"Max Mustermann";"Kleidungskauf";"Kleidung";"";"DE6789012345678901234";"-76,52";"";"";""
"03.11.24";"03.11.24";"Abgeschlossen";"Max Mustermann";"Kinoabend";"Kino";"";"DE4567890123456789012";"-50,86";"";"";""
"05.12.24";"05.12.24";"Abgeschlossen";"Max Mustermann";"Gehaltseingang";"Gehalt";"";"DE1234567890123456789";"+3422,85";"";"";""
"07.12.24";"07.12.24";"Abgeschlossen";"Max Mustermann";"Lebensmittel";"Supermarkt";"";"DE2345678901234567890";"-182,36";"";"";""
"10.12.24";"10.12.24";"Abgeschlossen";"Max Mustermann";"Essen gehen";"Restaurant";"";"DE3456789012345678901";"-13,49";"";"";""
"13.12.24";"13.12.24";"Abgeschlossen";"Max Mustermann";"Kleidungskauf";"Kleidung";"";"DE6789012345678901234";"-124,02";"";"";""
"16.12.24";"16.12.24";"Abgeschlossen";"Max Mustermann";"Lebensmittel";"Supermarkt";"";"DE2345678901234567890";"-44,74";"";"";""
"18.12.24";"18.12.24";"Abgeschlossen";"Max Mustermann";"Kleidungskauf";"Kleidung";"";"DE6789012345678901234";"-218,14";"";"";""
"19.01.25";"19.01.25";"Abgeschlossen";"Max Mustermann";"Gehaltseingang";"Gehalt";"";"DE1234567890123456789";"+3263,60";"";"";""
"21.01.25";"21.01.25";"Abgeschlossen";"Max Mustermann";"Essen gehen";"Restaurant";"";"DE3456789012345678901";"-57,06";"";"";""
"24.01.25";"24.01.25";"Abgeschlossen";"Max Mustermann";"Elektronikartikel";"Elektronik";"";"DE5678901234567890123";"-1171,36";"";"";""
"25.01.25";"25.01.25";"Abgeschlossen";"Max Mustermann";"Lebensmittel";"Supermarkt";"";"DE2345678901234567890";"-151,29";"";"";""
"28.01.25";"28.01.25";"Abgeschlossen";"Max Mustermann";"Kleidungskauf";"Kleidung";"";"DE6789012345678901234";"-122,44";"";"";""
"30.01.25";"30.01.25";"Abgeschlossen";"Max Mustermann";"Kleidungskauf";"Kleidung";"";"DE6789012345678901234";"-270,53";"";"";""
"28.02.25";"28.02.25";"Abgeschlossen";"Max Mustermann";"Gehaltseingang";"Gehalt";"";"DE1234567890123456789";"+2151,93";"";"";""
"01.03.25";"01.03.25";"Abgeschlossen";"Max Mustermann";"Tanken";"Tankstelle";"";"DE9876543210987654321";"-116,02";"";"";""
"03.03.25";"03.03.25";"Abgeschlossen";"Max Mustermann";"Kleidungskauf";"Kleidung";"";"DE6789012345678901234";"-233,32";"";"";""
"05.03.25";"05.03.25";"Abgeschlossen";"Max Mustermann";"Kleidungskauf";"Kleidung";"";"DE6789012345678901234";"-269,38";"";"";""
"08.03.25";"08.03.25";"Abgeschlossen";"Max Mustermann";"Lebensmittel";"Supermarkt";"";"DE2345678901234567890";"-124,11";"";"";""
"11.03.25";"11.03.25";"Abgeschlossen";"Max Mustermann";"Lebensmittel";"Supermarkt";"";"DE2345678901234567890";"-134,97";"";"";""
"13.04.25";"13.04.25";"Abgeschlossen";"Max Mustermann";"Gehaltseingang";"Gehalt";"";"DE1234567890123456789";"+2431,03";"";"";""
"14.04.25";"14.04.25";"Abgeschlossen";"Max Mustermann";"Elektronikartikel";"Elektronik";"";"DE5678901234567890123";"-416,49";"";"";""
"15.04.25";"15.04.25";"Abgeschlossen";"Max Mustermann";"Lebensmittel";"Supermarkt";"";"DE2345678901234567890";"-98,87";"";"";""
"17.04.25";"17.04.25";"Abgeschlossen";"Max Mustermann";"Lebensmittel";"Supermarkt";"";"DE2345678901234567890";"-155,26";"";"";""
"20.04.25";"20.04.25";"Abgeschlossen";"Max Mustermann";"Lebensmittel";"Supermarkt";"";"DE2345678901234567890";"-167,94";"";"";""
"22.04.25";"22.04.25";"Abgeschlossen";"Max Mustermann";"Essen gehen";"Restaurant";"";"DE3456789012345678901";"-15,12";"";"";""
"24.05.25";"24.05.25";"Abgeschlossen";"Max Mustermann";"Gehaltseingang";"Gehalt";"";"DE1234567890123456789";"+2008,49";"";"";""
"26.05.25";"26.05.25";"Abgeschlossen";"Max Mustermann";"Kleidungskauf";"Kleidung";"";"DE6789012345678901234";"-77,75";"";"";""
"27.05.25";"27.05.25";"Abgeschlossen";"Max Mustermann";"Tanken";"Tankstelle";"";"DE9876543210987654321";"-103,06";"";"";""
"28.05.25";"28.05.25";"Abgeschlossen";"Max Mustermann";"Tanken";"Tankstelle";"";"DE9876543210987654321";"-67,44";"";"";""
"29.05.25";"29.05.25";"Abgeschlossen";"Max Mustermann";"Lebensmittel";"Supermarkt";"";"DE2345678901234567890";"-101,71";"";"";""
"30.05.25";"30.05.25";"Abgeschlossen";"Max Mustermann";"Tanken";"Tankstelle";"";"DE9876543210987654321";"-56,40";"";"";""
"02.07.25";"02.07.25";"Abgeschlossen";"Max Mustermann";"Gehaltseingang";"Gehalt";"";"DE1234567890123456789";"+4872,20";"";"";""
"05.07.25";"05.07.25";"Abgeschlossen";"Max Mustermann";"Elektronikartikel";"Elektronik";"";"DE5678901234567890123";"-1758,44";"";"";""
"06.07.25";"06.07.25";"Abgeschlossen";"Max Mustermann";"Lebensmittel";"Supermarkt";"";"DE2345678901234567890";"-127,01";"";"";""
"09.07.25";"09.07.25";"Abgeschlossen";"Max Mustermann";"Tanken";"Tankstelle";"";"DE9876543210987654321";"-85,51";"";"";""
"11.07.25";"11.07.25";"Abgeschlossen";"Max Mustermann";"Kleidungskauf";"Kleidung";"";"DE6789012345678901234";"-177,18";"";"";""
"14.07.25";"14.07.25";"Abgeschlossen";"Max Mustermann";"Kleidungskauf";"Kleidung";"";"DE6789012345678901234";"-145,42";"";"";""
"15.08.25";"15.08.25";"Abgeschlossen";"Max Mustermann";"Gehaltseingang";"Gehalt";"";"DE1234567890123456789";"+4064,81";"";"";""
"17.08.25";"17.08.25";"Abgeschlossen";"Max Mustermann";"Lebensmittel";"Supermarkt";"";"DE2345678901234567890";"-34,85";"";"";""
"18.08.25";"18.08.25";"Abgeschlossen";"Max Mustermann";"Kleidungskauf";"Kleidung";"";"DE6789012345678901234";"-124,59";"";"";""
"20.08.25";"20.08.25";"Abgeschlossen";"Max Mustermann";"Essen gehen";"Restaurant";"";"DE3456789012345678901";"-79,41";"";"";""
"23.08.25";"23.08.25";"Abgeschlossen";"Max Mustermann";"Lebensmittel";"Supermarkt";"";"DE2345678901234567890";"-149,36";"";"";""
"26.08.25";"26.08.25";"Abgeschlossen";"Max Mustermann";"Essen gehen";"Restaurant";"";"DE3456789012345678901";"-18,49";"";"";""
"27.09.25";"27.09.25";"Abgeschlossen";"Max Mustermann";"Gehaltseingang";"Gehalt";"";"DE1234567890123456789";"+4441,92";"";"";""
"30.09.25";"30.09.25";"Abgeschlossen";"Max Mustermann";"Elektronikartikel";"Elektronik";"";"DE5678901234567890123";"-1189,98";"";"";""
"01.10.25";"01.10.25";"Abgeschlossen";"Max Mustermann";"Lebensmittel";"Supermarkt";"";"DE2345678901234567890";"-126,52";"";"";""
"02.10.25";"02.10.25";"Abgeschlossen";"Max Mustermann";"Tanken";"Tankstelle";"";"DE9876543210987654321";"-52,22";"";"";""
"05.10.25";"05.10.25";"Abgeschlossen";"Max Mustermann";"Tanken";"Tankstelle";"";"DE9876543210987654321";"-104,55";"";"";""
"06.10.25";"06.10.25";"Abgeschlossen";"Max Mustermann";"Lebensmittel";"Supermarkt";"";"DE2345678901234567890";"-133,79";"";"";""
"09.11.25";"09.11.25";"Abgeschlossen";"Max Mustermann";"Gehaltseingang";"Gehalt";"";"DE1234567890123456789";"+4304,47";"";"";""
"11.11.25";"11.11.25";"Abgeschlossen";"Max Mustermann";"Elektronikartikel";"Elektronik";"";"DE5678901234567890123";"-276,56";"";"";""
"14.11.25";"14.11.25";"Abgeschlossen";"Max Mustermann";"Essen gehen";"Restaurant";"";"DE3456789012345678901";"-16,18";"";"";""
"16.11.25";"16.11.25";"Abgeschlossen";"Max Mustermann";"Elektronikartikel";"Elektronik";"";"DE5678901234567890123";"-1192,13";"";"";""
"17.11.25";"17.11.25";"Abgeschlossen";"Max Mustermann";"Lebensmittel";"Supermarkt";"";"DE2345678901234567890";"-191,96";"";"";""
"18.11.25";"18.11.25";"Abgeschlossen";"Max Mustermann";"Kleidungskauf";"Kleidung";"";"DE6789012345678901234";"-77,71";"";"";""
"20.12.25";"20.12.25";"Abgeschlossen";"Max Mustermann";"Gehaltseingang";"Gehalt";"";"DE1234567890123456789";"+4692,11";"";"";""
"23.12.25";"23.12.25";"Abgeschlossen";"Max Mustermann";"Tanken";"Tankstelle";"";"DE9876543210987654321";"-62,16";"";"";""
"24.12.25";"24.12.25";"Abgeschlossen";"Max Mustermann";"Tanken";"Tankstelle";"";"DE9876543210987654321";"-114,01";"";"";""
"25.12.25";"25.12.25";"Abgeschlossen";"Max Mustermann";"Tanken";"Tankstelle";"";"DE9876543210987654321";"-84,95";"";"";""
"26.12.25";"26.12.25";"Abgeschlossen";"Max Mustermann";"Lebensmittel";"Supermarkt";"";"DE2345678901234567890";"-182,84";"";"";""
"29.12.25";"29.12.25";"Abgeschlossen";"Max Mustermann";"Kleidungskauf";"Kleidung";"";"DE6789012345678901234";"-254,44";"";"";""
"31.01.26";"31.01.26";"Abgeschlossen";"Max Mustermann";"Gehaltseingang";"Gehalt";"";"DE1234567890123456789";"+3210,00";"";"";""
"02.02.26";"02.02.26";"Abgeschlossen";"Max Mustermann";"Tanken";"Tankstelle";"";"DE9876543210987654321";"-63,39";"";"";""
"04.02.26";"04.02.26";"Abgeschlossen";"Max Mustermann";"Elektronikartikel";"Elektronik";"";"DE5678901234567890123";"-1598,04";"";"";""
"05.02.26";"05.02.26";"Abgeschlossen";"Max Mustermann";"Essen gehen";"Restaurant";"";"DE3456789012345678901";"-76,29";"";"";""
"07.02.26";"07.02.26";"Abgeschlossen";"Max Mustermann";"Essen gehen";"Restaurant";"";"DE3456789012345678901";"-57,06";"";"";""
"08.02.26";"08.02.26";"Abgeschlossen";"Max Mustermann";"Kleidungskauf";"Kleidung";"";"DE6789012345678901234";"-252,49";"";"";""
"09.03.26";"09.03.26";"Abgeschlossen";"Max Mustermann";"Gehaltseingang";"Gehalt";"";"DE1234567890123456789";"+4086,48";"";"";""
"12.03.26";"12.03.26";"Abgeschlossen";"Max Mustermann";"Essen gehen";"Restaurant";"";"DE3456789012345678901";"-31,13";"";"";""
"13.03.26";"13.03.26";"Abgeschlossen";"Max Mustermann";"Kinoabend";"Kino";"";"DE4567890123456789012";"-36,43";"";"";""
"16.03.26";"16.03.26";"Abgeschlossen";"Max Mustermann";"Lebensmittel";"Supermarkt";"";"DE2345678901234567890";"-67,61";"";"";""
"17.03.26";"17.03.26";"Abgeschlossen";"Max Mustermann";"Kleidungskauf";"Kleidung";"";"DE6789012345678901234";"-229,16";"";"";""
"18.03.26";"18.03.26";"Abgeschlossen";"Max Mustermann";"Lebensmittel";"Supermarkt";"";"DE2345678901234567890";"-42,27";"";"";""
"19.04.26";"19.04.26";"Abgeschlossen";"Max Mustermann";"Gehaltseingang";"Gehalt";"";"DE1234567890123456789";"+3290,96";"";"";""
"21.04.26";"21.04.26";"Abgeschlossen";"Max Mustermann";"Lebensmittel";"Supermarkt";"";"DE2345678901234567890";"-82,89";"";"";""
"24.04.26";"24.04.26";"Abgeschlossen";"Max Mustermann";"Lebensmittel";"Supermarkt";"";"DE2345678901234567890";"-133,89";"";"";""
"27.04.26";"27.04.26";"Abgeschlossen";"Max Mustermann";"Elektronikartikel";"Elektronik";"";"DE5678901234567890123";"-1308,34";"";"";""
"30.04.26";"30.04.26";"Abgeschlossen";"Max Mustermann";"Tanken";"Tankstelle";"";"DE9876543210987654321";"-117,49";"";"";""
"01.05.26";"01.05.26";"Abgeschlossen";"Max Mustermann";"Lebensmittel";"Supermarkt";"";"DE2345678901234567890";"-71,02";"";"";""
"04.06.26";"04.06.26";"Abgeschlossen";"Max Mustermann";"Gehaltseingang";"Gehalt";"";"DE1234567890123456789";"+2378,95";"";"";""
"06.06.26";"06.06.26";"Abgeschlossen";"Max Mustermann";"Tanken";"Tankstelle";"";"DE9876543210987654321";"-85,75";"";"";""
"08.06.26";"08.06.26";"Abgeschlossen";"Max Mustermann";"Tanken";"Tankstelle";"";"DE9876543210987654321";"-145,41";"";"";""
"09.06.26";"09.06.26";"Abgeschlossen";"Max Mustermann";"Lebensmittel";"Supermarkt";"";"DE2345678901234567890";"-152,68";"";"";""
"12.06.26";"12.06.26";"Abgeschlossen";"Max Mustermann";"Kleidungskauf";"Kleidung";"";"DE6789012345678901234";"-261,84";"";"";""
"15.06.26";"15.06.26";"Abgeschlossen";"Max Mustermann";"Tanken";"Tankstelle";"";"DE9876543210987654321";"-93,23";"";"";""
"18.07.26";"18.07.26";"Abgeschlossen";"Max Mustermann";"Gehaltseingang";"Gehalt";"";"DE1234567890123456789";"+3338,52";"";"";""
"19.07.26";"19.07.26";"Abgeschlossen";"Max Mustermann";"Kleidungskauf";"Kleidung";"";"DE6789012345678901234";"-185,76";"";"";""
"22.07.26";"22.07.26";"Abgeschlossen";"Max Mustermann";"Elektronikartikel";"Elektronik";"";"DE5678901234567890123";"-253,40";"";"";""
"23.07.26";"23.07.26";"Abgeschlossen";"Max Mustermann";"Lebensmittel";"Supermarkt";"";"DE2345678901234567890";"-82,83";"";"";""
"26.07.26";"26.07.26";"Abgeschlossen";"Max Mustermann";"Lebensmittel";"Supermarkt";"";"DE2345678901234567890";"-160,00";"";"";""
"29.07.26";"29.07.26";"Abgeschlossen";"Max Mustermann";"Tanken";"Tankstelle";"";"DE9876543210987654321";"-89,39";"";"";""
"01.09.26";"01.09.26";"Abgeschlossen";"Max Mustermann";"Gehaltseingang";"Gehalt";"";"DE1234567890123456789";"+4966,53";"";"";""
"04.09.26";"04.09.26";"Abgeschlossen";"Max Mustermann";"Lebensmittel";"Supermarkt";"";"DE2345678901234567890";"-107,60";"";"";""
"05.09.26";"05.09.26";"Abgeschlossen";"Max Mustermann";"Kleidungskauf";"Kleidung";"";"DE6789012345678901234";"-182,88";"";"";""
"06.09.26";"06.09.26";"Abgeschlossen";"Max Mustermann";"Tanken";"Tankstelle";"";"DE9876543210987654321";"-115,33";"";"";""
"09.09.26";"09.09.26";"Abgeschlossen";"Max Mustermann";"Tanken";"Tankstelle";"";"DE9876543210987654321";"-95,16";"";"";""
"11.09.26";"11.09.26";"Abgeschlossen";"Max Mustermann";"Tanken";"Tankstelle";"";"DE9876543210987654321";"-145,69";"";"";""
"12.10.26";"12.10.26";"Abgeschlossen";"Max Mustermann";"Gehaltseingang";"Gehalt";"";"DE1234567890123456789";"+3693,11";"";"";""
"13.10.26";"13.10.26";"Abgeschlossen";"Max Mustermann";"Lebensmittel";"Supermarkt";"";"DE2345678901234567890";"-57,08";"";"";""
"16.10.26";"16.10.26";"Abgeschlossen";"Max Mustermann";"Tanken";"Tankstelle";"";"DE9876543210987654321";"-93,04";"";"";""
"18.10.26";"18.10.26";"Abgeschlossen";"Max Mustermann";"Tanken";"Tankstelle";"";"DE9876543210987654321";"-89,73";"";"";""
"19.10.26";"19.10.26";"Abgeschlossen";"Max Mustermann";"Lebensmittel";"Supermarkt";"";"DE2345678901234567890";"-62,69";"";"";""
"21.10.26";"21.10.26";"Abgeschlossen";"Max Mustermann";"Lebensmittel";"Supermarkt";"";"DE2345678901234567890";"-119,16";"";"";""
"24.11.26";"24.11.26";"Abgeschlossen";"Max Mustermann";"Gehaltseingang";"Gehalt";"";"DE1234567890123456789";"+2235,05";"";"";""
"27.11.26";"27.11.26";"Abgeschlossen";"Max Mustermann";"Kleidungskauf";"Kleidung";"";"DE6789012345678901234";"-108,87";"";"";""
"30.11.26";"30.11.26";"Abgeschlossen";"Max Mustermann";"Tanken";"Tankstelle";"";"DE9876543210987654321";"-54,28";"";"";""
"01.12.26";"01.12.26";"Abgeschlossen";"Max Mustermann";"Tanken";"Tankstelle";"";"DE9876543210987654321";"-91,33";"";"";""
"02.12.26";"02.12.26";"Abgeschlossen";"Max Mustermann";"Tanken";"Tankstelle";"";"DE9876543210987654321";"-134,76";"";"";""
"05.12.26";"05.12.26";"Abgeschlossen";"Max Mustermann";"Essen gehen";"Restaurant";"";"DE3456789012345678901";"-97,10";"";"";""
"06.01.27";"06.01.27";"Abgeschlossen";"Max Mustermann";"Gehaltseingang";"Gehalt";"";"DE1234567890123456789";"+3307,31";"";"";""
"07.01.27";"07.01.27";"Abgeschlossen";"Max Mustermann";"Elektronikartikel";"Elektronik";"";"DE5678901234567890123";"-964,47";"";"";""
"09.01.27";"09.01.27";"Abgeschlossen";"Max Mustermann";"Tanken";"Tankstelle";"";"DE9876543210987654321";"-126,39";"";"";""
"10.01.27";"10.01.27";"Abgeschlossen";"Max Mustermann";"Tanken";"Tankstelle";"";"DE9876543210987654321";"-90,22";"";"";""
"11.01.27";"11.01.27";"Abgeschlossen";"Max Mustermann";"Lebensmittel";"Supermarkt";"";"DE2345678901234567890";"-81,65";"";"";""
"14.01.27";"14.01.27";"Abgeschlossen";"Max Mustermann";"Lebensmittel";"Supermarkt";"";"DE2345678901234567890";"-155,13";"";"";""
"16.02.27";"16.02.27";"Abgeschlossen";"Max Mustermann";"Gehaltseingang";"Gehalt";"";"DE1234567890123456789";"+4491,97";"";"";""
"17.02.27";"17.02.27";"Abgeschlossen";"Max Mustermann";"Lebensmittel";"Supermarkt";"";"DE2345678901234567890";"-139,71";"";"";""
"20.02.27";"20.02.27";"Abgeschlossen";"Max Mustermann";"Lebensmittel";"Supermarkt";"";"DE2345678901234567890";"-177,95";"";"";""
"23.02.27";"23.02.27";"Abgeschlossen";"Max Mustermann";"Lebensmittel";"Supermarkt";"";"DE2345678901234567890";"-137,02";"";"";""
"24.02.27";"24.02.27";"Abgeschlossen";"Max Mustermann";"Lebensmittel";"Supermarkt";"";"DE2345678901234567890";"-153,56";"";"";""
"25.02.27";"25.02.27";"Abgeschlossen";"Max Mustermann";"Lebensmittel";"Supermarkt";"";"DE2345678901234567890";"-172,12";"";"";""
"26.03.27";"26.03.27";"Abgeschlossen";"Max Mustermann";"Gehaltseingang";"Gehalt";"";"DE1234567890123456789";"+4286,92";"";"";""
"29.03.27";"29.03.27";"Abgeschlossen";"Max Mustermann";"Lebensmittel";"Supermarkt";"";"DE2345678901234567890";"-99,05";"";"";""
"30.03.27";"30.03.27";"Abgeschlossen";"Max Mustermann";"Essen gehen";"Restaurant";"";"DE3456789012345678901";"-63,29";"";"";""
"02.04.27";"02.04.27";"Abgeschlossen";"Max Mustermann";"Lebensmittel";"Supermarkt";"";"DE2345678901234567890";"-176,39";"";"";""
"05.04.27";"05.04.27";"Abgeschlossen";"Max Mustermann";"Elektronikartikel";"Elektronik";"";"DE5678901234567890123";"-1084,92";"";"";""
"08.04.27";"08.04.27";"Abgeschlossen";"Max Mustermann";"Lebensmittel";"Supermarkt";"";"DE2345678901234567890";"-41,65";"";"";""
"11.05.27";"11.05.27";"Abgeschlossen";"Max Mustermann";"Gehaltseingang";"Gehalt";"";"DE1234567890123456789";"+3544,48";"";"";""
"12.05.27";"12.05.27";"Abgeschlossen";"Max Mustermann";"Lebensmittel";"Supermarkt";"";"DE2345678901234567890";"-50,91";"";"";""
"14.05.27";"14.05.27";"Abgeschlossen";"Max Mustermann";"Essen gehen";"Restaurant";"";"DE3456789012345678901";"-71,69";"";"";""
"17.05.27";"17.05.27";"Abgeschlossen";"Max Mustermann";"Lebensmittel";"Supermarkt";"";"DE2345678901234567890";"-132,93";"";"";""
"19.05.27";"19.05.27";"Abgeschlossen";"Max Mustermann";"Lebensmittel";"Supermarkt";"";"DE2345678901234567890";"-98,73";"";"";""
"21.05.27";"21.05.27";"Abgeschlossen";"Max Mustermann";"Tanken";"Tankstelle";"";"DE9876543210987654321";"-69,81";"";"";""
"23.06.27";"23.06.27";"Abgeschlossen";"Max Mustermann";"Gehaltseingang";"Gehalt";"";"DE1234567890123456789";"+2552,94";"";"";""
"26.06.27";"26.06.27";"Abgeschlossen";"Max Mustermann";"Essen gehen";"Restaurant";"";"DE3456789012345678901";"-63,56";"";"";""
"29.06.27";"29.06.27";"Abgeschlossen";"Max Mustermann";"Essen gehen";"Restaurant";"";"DE3456789012345678901";"-31,10";"";"";""
"30.06.27";"30.06.27";"Abgeschlossen";"Max Mustermann";"Tanken";"Tankstelle";"";"DE9876543210987654321";"-126,14";"";"";""
"03.07.27";"03.07.27";"Abgeschlossen";"Max Mustermann";"Tanken";"Tankstelle";"";"DE9876543210987654321";"-119,91";"";"";""
"06.07.27";"06.07.27";"Abgeschlossen";"Max Mustermann";"Tanken";"Tankstelle";"";"DE9876543210987654321";"-117,17";"";"";""
"07.08.27";"07.08.27";"Abgeschlossen";"Max Mustermann";"Gehaltseingang";"Gehalt";"";"DE1234567890123456789";"+3026,88";"";"";""
"08.08.27";"08.08.27";"Abgeschlossen";"Max Mustermann";"Lebensmittel";"Supermarkt";"";"DE2345678901234567890";"-123,67";"";"";""
"11.08.27";"11.08.27";"Abgeschlossen";"Max Mustermann";"Lebensmittel";"Supermarkt";"";"DE2345678901234567890";"-121,68";"";"";""
"14.08.27";"14.08.27";"Abgeschlossen";"Max Mustermann";"Tanken";"Tankstelle";"";"DE9876543210987654321";"-86,34";"";"";""
"15.08.27";"15.08.27";"Abgeschlossen";"Max Mustermann";"Tanken";"Tankstelle";"";"DE9876543210987654321";"-56,78";"";"";""
"16.08.27";"16.08.27";"Abgeschlossen";"Max Mustermann";"Lebensmittel";"Supermarkt";"";"DE2345678901234567890";"-58,39";"";"";""
"19.09.27";"19.09.27";"Abgeschlossen";"Max Mustermann";"Gehaltseingang";"Gehalt";"";"DE1234567890123456789";"+4118,26";"";"";""
"21.09.27";"21.09.27";"Abgeschlossen";"Max Mustermann";"Essen gehen";"Restaurant";"";"DE3456789012345678901";"-71,22";"";"";""
"23.09.27";"23.09.27";"Abgeschlossen";"Max Mustermann";"Essen gehen";"Restaurant";"";"DE3456789012345678901";"-99,00";"";"";""
"26.09.27";"26.09.27";"Abgeschlossen";"Max Mustermann";"Lebensmittel";"Supermarkt";"";"DE2345678901234567890";"-173,55";"";"";""
"27.09.27";"27.09.27";"Abgeschlossen";"Max Mustermann";"Lebensmittel";"Supermarkt";"";"DE2345678901234567890";"-32,51";"";"";""
"29.09.27";"29.09.27";"Abgeschlossen";"Max Mustermann";"Essen gehen";"Restaurant";"";"DE3456789012345678901";"-54,91";"";"";""
"30.10.27";"30.10.27";"Abgeschlossen";"Max Mustermann";"Gehaltseingang";"Gehalt";"";"DE1234567890123456789";"+3149,65";"";"";""
"01.11.27";"01.11.27";"Abgeschlossen";"Max Mustermann";"Elektronikartikel";"Elektronik";"";"DE5678901234567890123";"-1303,33";"";"";""
"03.11.27";"03.11.27";"Abgeschlossen";"Max Mustermann";"Essen gehen";"Restaurant";"";"DE3456789012345678901";"-97,93";"";"";""
"04.11.27";"04.11.27";"Abgeschlossen";"Max Mustermann";"Lebensmittel";"Supermarkt";"";"DE2345678901234567890";"-74,88";"";"";""
"07.11.27";"07.11.27";"Abgeschlossen";"Max Mustermann";"Tanken";"Tankstelle";"";"DE9876543210987654321";"-77,01";"";"";""
"08.11.27";"08.11.27";"Abgeschlossen";"Max Mustermann";"Elektronikartikel";"Elektronik";"";"DE5678901234567890123";"-321,52";"";"";""
"11.12.27";"11.12.27";"Abgeschlossen";"Max Mustermann";"Gehaltseingang";"Gehalt";"";"DE1234567890123456789";"+3048,50";"";"";""
"12.12.27";"12.12.27";"Abgeschlossen";"Max Mustermann";"Lebensmittel";"Supermarkt";"";"DE2345678901234567890";"-200,91";"";"";""
"14.12.27";"14.12.27";"Abgeschlossen";"Max Mustermann";"Essen gehen";"Restaurant";"";"DE3456789012345678901";"-34,77";"";"";""
"15.12.27";"15.12.27";"Abgeschlossen";"Max Mustermann";"Lebensmittel";"Supermarkt";"";"DE2345678901234567890";"-44,17";"";"";""
"17.12.27";"17.12.27";"Abgeschlossen";"Max Mustermann";"Kleidungskauf";"Kleidung";"";"DE6789012345678901234";"-138,32";"";"";""
"18.12.27";"18.12.27";"Abgeschlossen";"Max Mustermann";"Elektronikartikel";"Elektronik";"";"DE5678901234567890123";"-1081,69";"";"";""
"19.01.28";"19.01.28";"Abgeschlossen";"Max Mustermann";"Gehaltseingang";"Gehalt";"";"DE1234567890123456789";"+4351,44";"";"";""
"20.01.28";"20.01.28";"Abgeschlossen";"Max Mustermann";"Lebensmittel";"Supermarkt";"";"DE2345678901234567890";"-85,64";"";"";""
"22.01.28";"22.01.28";"Abgeschlossen";"Max Mustermann";"Tanken";"Tankstelle";"";"DE9876543210987654321";"-150,84";"";"";""
"25.01.28";"25.01.28";"Abgeschlossen";"Max Mustermann";"Tanken";"Tankstelle";"";"DE9876543210987654321";"-85,58";"";"";""
"28.01.28";"28.01.28";"Abgeschlossen";"Max Mustermann";"Essen gehen";"Restaurant";"";"DE3456789012345678901";"-82,38";"";"";""
"29.01.28";"29.01.28";"Abgeschlossen";"Max Mustermann";"Elektronikartikel";"Elektronik";"";"DE5678901234567890123";"-1165,05";"";"";""
